INSERT INTO casino.users (email,  password) VALUES ('jfirpo@usnavy.gov.com', 'f0049a70a472ecba6a0074e7534ec4c7');
INSERT INTO casino.users (email,  password) VALUES ('rtgb@usnavy.gov.com', '4f928800feae37529036fd7025f3a7bd');
INSERT INTO casino.users (email,  password) VALUES ('gt5r@usnavy.gov.com', 'c1d67ba30b3fb2c1f8c4e3fd0c00f7bc');
INSERT INTO casino.users (email,  password) VALUES ('23e4@usnavy.gov.com', 'e884d82ba36b30ac94f337e81aa9219a');
INSERT INTO casino.users (email,  password) VALUES ('sdf@usnavy.gov.com', '53fcfe635619798d1a1c2854f76c8041');
Commit;
INSERT INTO casino.user_detail (user_id, detail_id, balance, banned, last_login, photopath, player_name, registration_time) VALUES ('jfirpo@usnavy.gov.com','-1', '250', FALSE, '2019.05.28', 'back_in_nam_1972.jpg', 'alkh', '2019.03.25');
INSERT INTO casino.user_detail (user_id, detail_id, balance, banned, last_login, photopath, player_name, registration_time) VALUES ('rtgb@usnavy.gov.com','-2','123', FALSE, '2019.02.12', 'back_in_nam_1972.jpg', 'ezrt', '2019.02.21');
INSERT INTO casino.user_detail (user_id, detail_id, balance, banned, last_login, photopath, player_name, registration_time) VALUES ('gt5r@usnavy.gov.com','-3','345', FALSE, '2019.03.31', 'back_in_nam_1972.jpg', 'alks', '2019.08.27');
INSERT INTO casino.user_detail (user_id, detail_id, balance, banned, last_login, photopath, player_name, registration_time) VALUES ('23e4@usnavy.gov.com','-4','432', FALSE, '2019.08.27', 'back_in_nam_1972.jpg', 'slm', '2019.09.16');
INSERT INTO casino.user_detail (user_id, detail_id, balance, banned, last_login, photopath, player_name, registration_time) VALUES ('sdf@usnavy.gov.com','-5','432', FALSE, '2019.04.20', 'back_in_nam_1972.jpg', 'asd', '2019.09.10');
Commit;
INSERT INTO casino.sessions (session_id, game, session_achivement, session_end, session_start, userDetail_id) VALUES ('-1', 'YAHTZEE', '200', '2019.11.09', '2019.11.10', '-1');
INSERT INTO casino.sessions (session_id, game, session_achivement, session_end, session_start, userDetail_id) VALUES ('-2', 'YAHTZEE', '220', '2019.09.09', '2019.11.01', '-1');
INSERT INTO casino.sessions (session_id, game, session_achivement, session_end, session_start, userDetail_id) VALUES ('-3', 'BLACKJACK', '-350', '2019.06.07', '2019.07.08', '-1');
INSERT INTO casino.sessions (session_id, game, session_achivement, session_end, session_start, userDetail_id) VALUES ('-4', 'BLACKJACK', '4', '2019.02.03', '2019.04.05', '-1');
INSERT INTO casino.sessions (session_id, game, session_achivement, session_end, session_start, userDetail_id) VALUES ('-5', 'BLACKJACK', '5', '2019.01.03', '2019.05.06', '-1');
commit;
INSERT INTO casino.role (email, role_name) VALUES ('jfirpo@usnavy.gov.com', 'admin');
INSERT INTO casino.role (email, role_name) VALUES ('rtgb@usnavy.gov.com', 'player');
INSERT INTO casino.role (email, role_name) VALUES ('gt5r@usnavy.gov.com', 'player');
INSERT INTO casino.role (email, role_name) VALUES ('23e4@usnavy.gov.com', 'player');
INSERT INTO casino.role (email, role_name) VALUES ('sdf@usnavy.gov.com', 'player');
commit;
